id;name;url;category;currencyId;param;picture;oldprice;price
1,00501E+15;Handheld Big Red Ostrich Feather Fan 100CM Feathers for Carnival Stage Performance Belly Dance 13 Bone Crafts Fan;https://rzekl.com/g/1e8d114494a625e64bb116525dc3e8/?ulp=https%3A%2F%2Fs.click.aliexpress.com%2Fdeep_link.htm%3Faff_short_key%3D_c3s1yQkJ%26dl_target_url%3Dhttps%253A%252F%252Fwww.aliexpress.com%252Fitem%252F1005010035793617.html%253Fpdp_npi%253D4%252540dis%252521USD%252521180.66%25252186.72%252521%252521%2525211278.54%252521613.70%252521%25254021413d5a17630748541931502e6f5a%25252112000050902848285%252521affd%252521%252521%252521&i=5&f_id=50002;DIY Accessories;USD;"discount|52%|;commissionRate|5.38%|;shopId|1105001914|;";https://ae-pic-a1.aliexpress-media.com/kf/Sa7bfa654adf04bb1a99b20cd9be32811u.jpg;180.66;86.72
1,00501E+15;Oxygen Analyzer Professional Portable O2 Oxygen Concentration Meter Detector 21%-100% O2 Meter Gas Detector EU Plug SSQ;https://rzekl.com/g/1e8d114494a625e64bb116525dc3e8/?ulp=https%3A%2F%2Fs.click.aliexpress.com%2Fdeep_link.htm%3Faff_short_key%3D_c3s1yQkJ%26dl_target_url%3Dhttps%253A%252F%252Fwww.aliexpress.com%252Fitem%252F1005008550790170.html%253Fpdp_npi%253D4%252540dis%252521USD%252521206.75%25252186.84%252521%252521%2525211463.17%252521614.53%252521%25254021413d5a17630748541931502e6f5a%25252112000045666549801%252521affd%252521%252521%252521&i=5&f_id=50002;DIY Accessories;USD;"discount|58%|;commissionRate|5.38%|;shopId|1104600238|;";https://ae-pic-a1.aliexpress-media.com/kf/S59de230edba84843aba49d3e1a43fd9aq.jpg;206.75;86.84
1,00501E+15;100cm Ostrich Hair Fan Cheongsam Photography Props Stage Performance Dance Bar Folding Fan Wedding Party Decoration;https://rzekl.com/g/1e8d114494a625e64bb116525dc3e8/?ulp=https%3A%2F%2Fs.click.aliexpress.com%2Fdeep_link.htm%3Faff_short_key%3D_c3s1yQkJ%26dl_target_url%3Dhttps%253A%252F%252Fwww.aliexpress.com%252Fitem%252F1005010035788689.html%253Fpdp_npi%253D4%252540dis%252521USD%252521183.95%25252188.30%252521%252521%2525211301.82%252521624.87%252521%2525402102f32217630748544231361e4073%25252112000050902862194%252521affd%252521%252521%252521&i=5&f_id=50002;DIY Accessories;USD;"discount|52%|;commissionRate|5.38%|;shopId|1105074972|;";https://ae-pic-a1.aliexpress-media.com/kf/S81aa698ded4641708d2e31a9d98ebf34o.jpg;183.95;88.30
1,00501E+15;16 inch DC AC Pedestal Fan Home Solar Rechargeable Stand Fan for Office Bedroom Market Household;https://rzekl.com/g/1e8d114494a625e64bb116525dc3e8/?ulp=https%3A%2F%2Fs.click.aliexpress.com%2Fdeep_link.htm%3Faff_short_key%3D_c3s1yQkJ%26dl_target_url%3Dhttps%253A%252F%252Fwww.aliexpress.com%252Fitem%252F1005009501306567.html%253Fpdp_npi%253D4%252540dis%252521USD%252521105.38%25252198.45%252521%252521%252521745.77%252521696.74%252521%2525402102f32217630748538724622e4097%25252112000049296175398%252521affd%252521%252521%252521&i=5&f_id=50002;Electrical Equipment & Supplies;USD;"discount|6%|;commissionRate|5.38%|;shopId|1102816707|;";https://ae-pic-a1.aliexpress-media.com/kf/S46cb7da4cd7a4b54b63ce13990351172w.png;105.38;98.45
1,005E+15;12V to 24V DC power supply boost converter 12V liters 24V automotive power supply voltage regulator module waterproof booster;https://rzekl.com/g/1e8d114494a625e64bb116525dc3e8/?ulp=https%3A%2F%2Fs.click.aliexpress.com%2Fdeep_link.htm%3Faff_short_key%3D_c3s1yQkJ%26dl_target_url%3Dhttps%253A%252F%252Fwww.aliexpress.com%252Fitem%252F1005002291450444.html%253Fpdp_npi%253D4%252540dis%252521USD%25252193.34%25252185.08%252521%252521%252521660.60%252521602.12%252521%2525402151f59517630748541307073e14eb%25252112000019941305141%252521affd%252521%252521%252521&i=5&f_id=50002;Electrical Equipment & Supplies;USD;"discount|8%|;commissionRate|5.38%|;shopId|5059041|;";https://ae-pic-a1.aliexpress-media.com/kf/Ha160f41c0d57456b81d29ce347dd5d5bF.jpg;93.34;85.08
1,00501E+15;7MBP50TEA060-50 7MBP75TEA060-50 7MBP100TEA060-50 7MBP100TEA060-52 7MBP75TEA060-52 7MBP50TEA060-52  NEW AND ORIGINAL MODULE;https://rzekl.com/g/1e8d114494a625e64bb116525dc3e8/?ulp=https%3A%2F%2Fs.click.aliexpress.com%2Fdeep_link.htm%3Faff_short_key%3D_c3s1yQkJ%26dl_target_url%3Dhttps%253A%252F%252Fwww.aliexpress.com%252Fitem%252F1005008343452092.html%253Fpdp_npi%253D4%252540dis%252521USD%25252195.00%25252195.00%252521%252521%25252195.00%25252195.00%252521%252540213bf77217630748541752641e7c33%25252112000044666897925%252521affd%252521%252521%252521&i=5&f_id=50002;Electrical Equipment & Supplies;USD;"discount|0%|;commissionRate|5.38%|;shopId|4656111|;";https://ae-pic-a1.aliexpress-media.com/kf/S33f99e5ac2524ff2998895153149cf846.jpg;;95.00
1,00501E+15;EB58W14R-H4TR-512.9L2500 brand new encoder;https://rzekl.com/g/1e8d114494a625e64bb116525dc3e8/?ulp=https%3A%2F%2Fs.click.aliexpress.com%2Fdeep_link.htm%3Faff_short_key%3D_c3s1yQkJ%26dl_target_url%3Dhttps%253A%252F%252Fwww.aliexpress.com%252Fitem%252F1005008096627862.html%253Fpdp_npi%253D4%252540dis%252521USD%25252194.86%25252192.01%252521%252521%252521671.37%252521651.23%252521%25254021410ce717630748550504090e04df%25252112000043712391842%252521affd%252521%252521%252521&i=5&f_id=50002;Electrical Equipment & Supplies;USD;"discount|3%|;commissionRate|5.38%|;shopId|1104270464|;";https://ae-pic-a1.aliexpress-media.com/kf/Sdbedeeb767314b24b4417f8dae93457e4.jpg;94.86;92.01
1,00501E+15;50 Meter Pro Tailoring Webbing: Reinforced Waistband Systems with Couture-Grade Lining & Stay for Suit Trousers;https://rzekl.com/g/1e8d114494a625e64bb116525dc3e8/?ulp=https%3A%2F%2Fs.click.aliexpress.com%2Fdeep_link.htm%3Faff_short_key%3D_c3s1yQkJ%26dl_target_url%3Dhttps%253A%252F%252Fwww.aliexpress.com%252Fitem%252F1005008757661438.html%253Fpdp_npi%253D4%252540dis%252521USD%252521105.27%25252189.48%252521%252521%252521745.00%252521633.25%252521%25254021411b6217630748548456195e2fab%25252112000046542313867%252521affd%252521%252521%252521&i=5&f_id=50002;DIY Accessories;USD;"discount|15%|;commissionRate|5.38%|;shopId|1102726014|;";https://ae-pic-a1.aliexpress-media.com/kf/S28487f33f1d242ba81bb8f9a41dccaf4Z.jpg;105.27;89.48
1,00501E+15;New Chain Flower Twill Elastic Silk Fabric High Definite Series Shirt Dress Mulberry Silk Fabric 160 x140 cm;https://rzekl.com/g/1e8d114494a625e64bb116525dc3e8/?ulp=https%3A%2F%2Fs.click.aliexpress.com%2Fdeep_link.htm%3Faff_short_key%3D_c3s1yQkJ%26dl_target_url%3Dhttps%253A%252F%252Fwww.aliexpress.com%252Fitem%252F1005008737805539.html%253Fpdp_npi%253D4%252540dis%252521USD%25252190.74%25252189.83%252521%252521%252521642.15%252521635.73%252521%25254021413d5a17630748550847365e6f4c%25252112000046464323217%252521affd%252521%252521%252521&i=5&f_id=50002;DIY Accessories;USD;"discount|1%|;commissionRate|5.38%|;shopId|1104266887|;";https://ae-pic-a1.aliexpress-media.com/kf/Sbe26ff9e182c4e6fbf85e24cd6906664z.jpg;90.74;89.83
1,00501E+15;Animation Kit DIY-Stopmotion Rig Armature Rigging System with 5 Connectors for Animation,Stop Motion Bracket Filming Kit SSQ;https://rzekl.com/g/1e8d114494a625e64bb116525dc3e8/?ulp=https%3A%2F%2Fs.click.aliexpress.com%2Fdeep_link.htm%3Faff_short_key%3D_c3s1yQkJ%26dl_target_url%3Dhttps%253A%252F%252Fwww.aliexpress.com%252Fitem%252F1005008551063679.html%253Fpdp_npi%253D4%252540dis%252521USD%252521227.03%25252195.35%252521%252521%2525211606.75%252521674.83%252521%2525402141069c17630748552878684ef77a%25252112000045668488049%252521affd%252521%252521%252521&i=5&f_id=50002;DIY Accessories;USD;"discount|58%|;commissionRate|5.38%|;shopId|1104600238|;";https://ae-pic-a1.aliexpress-media.com/kf/S4dc7bf0673b74f079aba60e59ae20becp.jpg;227.03;95.35
1,00501E+15;customized yarn for beautiful dress or mermaid tail;https://rzekl.com/g/1e8d114494a625e64bb116525dc3e8/?ulp=https%3A%2F%2Fs.click.aliexpress.com%2Fdeep_link.htm%3Faff_short_key%3D_c3s1yQkJ%26dl_target_url%3Dhttps%253A%252F%252Fwww.aliexpress.com%252Fitem%252F1005008883284936.html%253Fpdp_npi%253D4%252540dis%252521USD%25252190.16%25252188.36%252521%252521%252521638.10%252521625.34%252521%252540213bf77217630748551837679e7bf6%25252112000047076359403%252521affd%252521%252521%252521&i=5&f_id=50002;DIY Accessories;USD;"discount|2%|;commissionRate|5.38%|;shopId|4466008|;";https://ae-pic-a1.aliexpress-media.com/kf/S84691e025b5b4dfebdf38296d059ec55p.jpg;90.16;88.36
1,00501E+15;Mavuika Sword Genshin Impact Cosplay Props Halloween Christmas Fancy Party Costumes Accessories;https://rzekl.com/g/1e8d114494a625e64bb116525dc3e8/?ulp=https%3A%2F%2Fs.click.aliexpress.com%2Fdeep_link.htm%3Faff_short_key%3D_c3s1yQkJ%26dl_target_url%3Dhttps%253A%252F%252Fwww.aliexpress.com%252Fitem%252F1005009888308487.html%253Fpdp_npi%253D4%252540dis%252521USD%252521198.41%25252199.20%252521%252521%2525211404.18%252521702.09%252521%2525402102e09d17630748562191664eb2f8%25252112000050485773299%252521affd%252521%252521%252521&i=5&f_id=50002;Cosplay Accessories;USD;"discount|50%|;commissionRate|5.38%|;shopId|1104099662|;";https://ae-pic-a1.aliexpress-media.com/kf/S8e18c80351b64413b669ef652d1062d1j.jpg;198.41;99.20
1,00501E+15;F3L300R07PE4 F3L300R07PE4_ENG  FREE SHIPPING NEW AND ORIGINAL MODULE F3L300R07PE4BOSA1  F3L300R07PE4-ENG;https://rzekl.com/g/1e8d114494a625e64bb116525dc3e8/?ulp=https%3A%2F%2Fs.click.aliexpress.com%2Fdeep_link.htm%3Faff_short_key%3D_c3s1yQkJ%26dl_target_url%3Dhttps%253A%252F%252Fwww.aliexpress.com%252Fitem%252F1005008343314911.html%253Fpdp_npi%253D4%252540dis%252521USD%25252190.00%25252190.00%252521%252521%25252190.00%25252190.00%252521%25254021411b6217630748544067884e2faa%25252112000044668536813%252521affd%252521%252521%252521&i=5&f_id=50002;Electrical Equipment & Supplies;USD;"discount|0%|;commissionRate|5.38%|;shopId|4656111|;";https://ae-pic-a1.aliexpress-media.com/kf/S657fd1b2cde942dc90d8a90082b5bfd8T.jpg;;90.00
1,00501E+15;Handheld Big Red Ostrich Feather Fan 100CM Feathers for Carnival Stage Performance Belly Dance Crafts Fan;https://rzekl.com/g/1e8d114494a625e64bb116525dc3e8/?ulp=https%3A%2F%2Fs.click.aliexpress.com%2Fdeep_link.htm%3Faff_short_key%3D_c3s1yQkJ%26dl_target_url%3Dhttps%253A%252F%252Fwww.aliexpress.com%252Fitem%252F1005010035785699.html%253Fpdp_npi%253D4%252540dis%252521USD%252521197.87%25252194.98%252521%252521%2525211400.35%252521672.17%252521%2525402102e09d17630748553915490eb2a0%25252112000050902708748%252521affd%252521%252521%252521&i=5&f_id=50002;DIY Accessories;USD;"discount|52%|;commissionRate|5.38%|;shopId|1105070910|;";https://ae-pic-a1.aliexpress-media.com/kf/S35d4d82dd3ad44089f4c54cc5843cb5ei.jpg;197.87;94.98
1,00501E+15;White Natural Ostrich Feather Fan Hand Held Dance Folding Big Plumes Fans Performance Dance Party Stage Carnival Show Props Long;https://rzekl.com/g/1e8d114494a625e64bb116525dc3e8/?ulp=https%3A%2F%2Fs.click.aliexpress.com%2Fdeep_link.htm%3Faff_short_key%3D_c3s1yQkJ%26dl_target_url%3Dhttps%253A%252F%252Fwww.aliexpress.com%252Fitem%252F1005010035798634.html%253Fpdp_npi%253D4%252540dis%252521USD%252521183.95%25252188.30%252521%252521%2525211301.82%252521624.87%252521%2525402102e09d17630748553915490eb2a0%25252112000050902804548%252521affd%252521%252521%252521&i=5&f_id=50002;DIY Accessories;USD;"discount|52%|;commissionRate|5.38%|;shopId|1105067931|;";https://ae-pic-a1.aliexpress-media.com/kf/S3e0ec43ac15943c6916843976d83f2a5i.jpg;183.95;88.30
1,00501E+15;Natural Pink Ostrich Feather Fan Foldable Handheld Feather Fan Decoration Halloween Party Belly Dance Craft Accessories;https://rzekl.com/g/1e8d114494a625e64bb116525dc3e8/?ulp=https%3A%2F%2Fs.click.aliexpress.com%2Fdeep_link.htm%3Faff_short_key%3D_c3s1yQkJ%26dl_target_url%3Dhttps%253A%252F%252Fwww.aliexpress.com%252Fitem%252F1005010026305119.html%253Fpdp_npi%253D4%252540dis%252521USD%252521127.17%25252185.20%252521%252521%252521900.00%252521603.00%252521%2525402102e09d17630748553915490eb2a0%25252112000050873051686%252521affd%252521%252521%252521&i=5&f_id=50002;DIY Accessories;USD;"discount|33%|;commissionRate|5.38%|;shopId|1105155018|;";https://ae-pic-a1.aliexpress-media.com/kf/S58477fdb550342cfa1e5510f16219213F.jpg;127.17;85.20
1,00501E+15;Customized Version of Professional Tug-Of-War Competition Uniforms;https://rzekl.com/g/1e8d114494a625e64bb116525dc3e8/?ulp=https%3A%2F%2Fs.click.aliexpress.com%2Fdeep_link.htm%3Faff_short_key%3D_c3s1yQkJ%26dl_target_url%3Dhttps%253A%252F%252Fwww.aliexpress.com%252Fitem%252F1005008501971611.html%253Fpdp_npi%253D4%252540dis%252521USD%25252196.47%25252196.47%252521%252521%252521682.70%252521682.70%252521%2525402102e09d17630748553915490eb2a0%25252112000048944285287%252521affd%252521%252521%252521&i=5&f_id=50002;DIY Accessories;USD;"discount|0%|;commissionRate|5.38%|;shopId|1103441382|;";https://ae-pic-a1.aliexpress-media.com/kf/Sf00e25540aff497b8c9544839041a63a5.jpg;;96.47
1,00501E+15;Back Support Shirt for Rear Tug-of-War Players Anchor Vest;https://rzekl.com/g/1e8d114494a625e64bb116525dc3e8/?ulp=https%3A%2F%2Fs.click.aliexpress.com%2Fdeep_link.htm%3Faff_short_key%3D_c3s1yQkJ%26dl_target_url%3Dhttps%253A%252F%252Fwww.aliexpress.com%252Fitem%252F1005007240052453.html%253Fpdp_npi%253D4%252540dis%252521USD%25252196.94%25252196.94%252521%252521%252521686.04%252521686.04%252521%2525402102e09d17630748553915490eb2a0%25252112000039918102323%252521affd%252521%252521%252521&i=5&f_id=50002;DIY Accessories;USD;"discount|0%|;commissionRate|5.38%|;shopId|1103441382|;";https://ae-pic-a1.aliexpress-media.com/kf/Sf194ed73473f4434b5d74170c713dc07D.jpg;;96.94
1,00501E+15;FEMINIZER Trans Female Fashion Accessory PE Boobs Fuller Butt Bigger Feminine Appearance For MTF Women Man T-girl;https://rzekl.com/g/1e8d114494a625e64bb116525dc3e8/?ulp=https%3A%2F%2Fs.click.aliexpress.com%2Fdeep_link.htm%3Faff_short_key%3D_c3s1yQkJ%26dl_target_url%3Dhttps%253A%252F%252Fwww.aliexpress.com%252Fitem%252F1005008530795083.html%253Fpdp_npi%253D4%252540dis%252521USD%25252189.12%25252189.12%252521%252521%25252189.12%25252189.12%252521%2525402102e09d17630748553915490eb2a0%25252112000045581316011%252521affd%252521%252521%252521&i=5&f_id=50002;DIY Accessories;USD;"discount|0%|;commissionRate|5.38%|;shopId|1104271367|;";https://ae-pic-a1.aliexpress-media.com/kf/Sdcdc62ff0bf24bb2b094684b79914d63g.jpg;;89.12
1,00501E+15;Fashion Pain Bags New Cat Pain Bag PU Crossbody Bag Cute Girl JK Bag Student Anime Small Capacity Shoulder Bags;https://rzekl.com/g/1e8d114494a625e64bb116525dc3e8/?ulp=https%3A%2F%2Fs.click.aliexpress.com%2Fdeep_link.htm%3Faff_short_key%3D_c3s1yQkJ%26dl_target_url%3Dhttps%253A%252F%252Fwww.aliexpress.com%252Fitem%252F1005009200928251.html%253Fpdp_npi%253D4%252540dis%252521USD%25252191.43%25252187.77%252521%252521%252521647.07%252521621.19%252521%2525402102e09d17630748568461810eb2f8%25252112000048278865756%252521affd%252521%252521%252521&i=5&f_id=50002;Cosplay Accessories;USD;"discount|4%|;commissionRate|5.38%|;shopId|1102981235|;";https://ae-pic-a1.aliexpress-media.com/kf/S9069a1ccd2f14c8e80982420e267977ak.jpg;91.43;87.77
1,00501E+15;1PCS Aluminum Alloy Miniature vibration motor Vibrating Motor 30W~120W 220V/380V 1PH/3PH motor AC;https://rzekl.com/g/1e8d114494a625e64bb116525dc3e8/?ulp=https%3A%2F%2Fs.click.aliexpress.com%2Fdeep_link.htm%3Faff_short_key%3D_c3s1yQkJ%26dl_target_url%3Dhttps%253A%252F%252Fwww.aliexpress.com%252Fitem%252F1005008338522181.html%253Fpdp_npi%253D4%252540dis%252521USD%25252192.36%25252186.82%252521%252521%25252192.36%25252186.82%252521%25254021410ce717630748550504090e04df%25252112000044652247248%252521affd%252521%252521%252521&i=5&f_id=50002;Electrical Equipment & Supplies;USD;"discount|6%|;commissionRate|5.38%|;shopId|321540|;";https://ae-pic-a1.aliexpress-media.com/kf/Sb265a8cae9a14810a89186896a8e5060g.jpg;92.36;86.82
1,00501E+15;Jinfeng Wedding Shoes Women's Spring New Chinese Toast Red Flat Xiuhe Dress;https://rzekl.com/g/1e8d114494a625e64bb116525dc3e8/?ulp=https%3A%2F%2Fs.click.aliexpress.com%2Fdeep_link.htm%3Faff_short_key%3D_c3s1yQkJ%26dl_target_url%3Dhttps%253A%252F%252Fwww.aliexpress.com%252Fitem%252F1005008632877849.html%253Fpdp_npi%253D4%252540dis%252521USD%25252192.74%25252189.03%252521%252521%252521656.36%252521630.11%252521%252540213bf77217630748565963917e7c0b%25252112000046032197391%252521affd%252521%252521%252521&i=5&f_id=50002;Cosplay Accessories;USD;"discount|4%|;commissionRate|5.38%|;shopId|1103480350|;";https://ae-pic-a1.aliexpress-media.com/kf/S751c864f189d4599b3e2dd41c847be83i.jpg;92.74;89.03
1,00501E+15;N1265LS150  DCR960C18 DCR960C16  5SDD08D5000  5SDD06D6500 5SDD07D6000  5STP04D5000  5STP04D5200  NEW  ORIGINAL MODULE;https://rzekl.com/g/1e8d114494a625e64bb116525dc3e8/?ulp=https%3A%2F%2Fs.click.aliexpress.com%2Fdeep_link.htm%3Faff_short_key%3D_c3s1yQkJ%26dl_target_url%3Dhttps%253A%252F%252Fwww.aliexpress.com%252Fitem%252F1005008343692073.html%253Fpdp_npi%253D4%252540dis%252521USD%25252189.00%25252189.00%252521%252521%25252189.00%25252189.00%252521%25254021411b6217630748544067884e2faa%25252112000044668510747%252521affd%252521%252521%252521&i=5&f_id=50002;Electrical Equipment & Supplies;USD;"discount|0%|;commissionRate|5.38%|;shopId|4656111|;";https://ae-pic-a1.aliexpress-media.com/kf/Sfa9c31095f484ee99d3de380da1fc1868.jpg;;89.00
1,00501E+15;PH150S280-24 PH100S280-24 PH300F280-15  PH150S280-28   FREE SHIPPING NEW AND ORIGINAL POWER TRANSISTOR;https://rzekl.com/g/1e8d114494a625e64bb116525dc3e8/?ulp=https%3A%2F%2Fs.click.aliexpress.com%2Fdeep_link.htm%3Faff_short_key%3D_c3s1yQkJ%26dl_target_url%3Dhttps%253A%252F%252Fwww.aliexpress.com%252Fitem%252F1005008369633327.html%253Fpdp_npi%253D4%252540dis%252521USD%25252190.00%25252190.00%252521%252521%25252190.00%25252190.00%252521%25254021411b6217630748544067884e2faa%25252112000044748676522%252521affd%252521%252521%252521&i=5&f_id=50002;Electrical Equipment & Supplies;USD;"discount|0%|;commissionRate|5.38%|;shopId|4656111|;";https://ae-pic-a1.aliexpress-media.com/kf/S02fff6f0eb0a4c99b302657abf85165fe.jpg;;90.00
4,00081E+12;110 / 130 3 phase stepper motor driver ZD-3HE2290M AC110V ~ 220V 9A;https://rzekl.com/g/1e8d114494a625e64bb116525dc3e8/?ulp=https%3A%2F%2Fs.click.aliexpress.com%2Fdeep_link.htm%3Faff_short_key%3D_c3s1yQkJ%26dl_target_url%3Dhttps%253A%252F%252Fwww.aliexpress.com%252Fitem%252F4000811060305.html%253Fpdp_npi%253D4%252540dis%252521USD%252521111.00%25252188.80%252521%252521%252521111.00%25252188.80%252521%2525402102e09d17630748584804376eb2fd%25252110000008119986776%252521affd%252521%252521%252521&i=5&f_id=50002;Electrical Equipment & Supplies;USD;"discount|20%|;commissionRate|5.38%|;shopId|1818866|;";https://ae-pic-a1.aliexpress-media.com/kf/Hced0853e08574f8a896d820f972f5aacz.jpg;111.00;88.80
1,00501E+15;ABZS 300Pcs SMA Male Plug Straight Crimp For RG58 Connector Adapter;https://rzekl.com/g/1e8d114494a625e64bb116525dc3e8/?ulp=https%3A%2F%2Fs.click.aliexpress.com%2Fdeep_link.htm%3Faff_short_key%3D_c3s1yQkJ%26dl_target_url%3Dhttps%253A%252F%252Fwww.aliexpress.com%252Fitem%252F1005009151823839.html%253Fpdp_npi%253D4%252540dis%252521USD%25252189.64%25252189.64%252521%252521%25252189.64%25252189.64%252521%25254021410ce717630748583028002e048e%25252112000048109694223%252521affd%252521%252521%252521&i=5&f_id=50002;Electrical Equipment & Supplies;USD;"discount|0%|;commissionRate|5.38%|;shopId|5441038|;";https://ae-pic-a1.aliexpress-media.com/kf/S9642c0e05e9649d9ad3187e79319ba76v.jpg;;89.64
1,00501E+15;30V 10A DC Power Supply Adjustable USB Digit Display Lab Power Supplies Voltage Regulator 30V 60V 5A 120V 3A Metal anodizing;https://rzekl.com/g/1e8d114494a625e64bb116525dc3e8/?ulp=https%3A%2F%2Fs.click.aliexpress.com%2Fdeep_link.htm%3Faff_short_key%3D_c3s1yQkJ%26dl_target_url%3Dhttps%253A%252F%252Fwww.aliexpress.com%252Fitem%252F1005009778464846.html%253Fpdp_npi%253D4%252540dis%252521USD%252521168.96%25252189.55%252521%252521%2525211195.74%252521633.74%252521%25254021411b6217630748602088326e2fe8%25252112000050131781402%252521affd%252521%252521%252521&i=5&f_id=50002;Electrical Equipment & Supplies;USD;"discount|47%|;commissionRate|5.38%|;shopId|1103878366|;";https://ae-pic-a1.aliexpress-media.com/kf/Aee639bb61f9646978015e3ee67d169988.jpg;168.96;89.55
1,00501E+15;Game Honkai: Star Rail  Phainon Sword Cosplay Props Halloween Christmas Fancy Party Costumes Accessories;https://rzekl.com/g/1e8d114494a625e64bb116525dc3e8/?ulp=https%3A%2F%2Fs.click.aliexpress.com%2Fdeep_link.htm%3Faff_short_key%3D_c3s1yQkJ%26dl_target_url%3Dhttps%253A%252F%252Fwww.aliexpress.com%252Fitem%252F1005009726700467.html%253Fpdp_npi%253D4%252540dis%252521USD%252521180.62%25252190.31%252521%252521%2525211278.30%252521639.15%252521%2525402102e09d17630748567703522eb29d%25252112000049961808426%252521affd%252521%252521%252521&i=5&f_id=50002;Cosplay Accessories;USD;"discount|50%|;commissionRate|5.38%|;shopId|1104429089|;";https://ae-pic-a1.aliexpress-media.com/kf/S9ce8113f7daa4b30b283de4b22859d5a4.png;180.62;90.31
1,00501E+15;Pure sine wave inverter American socket 3500 w / 4500 w / 5000 w / 6000 w / 7000 w / 8000 w household portable digital display i;https://rzekl.com/g/1e8d114494a625e64bb116525dc3e8/?ulp=https%3A%2F%2Fs.click.aliexpress.com%2Fdeep_link.htm%3Faff_short_key%3D_c3s1yQkJ%26dl_target_url%3Dhttps%253A%252F%252Fwww.aliexpress.com%252Fitem%252F1005010145650183.html%253Fpdp_npi%253D4%252540dis%252521USD%252521177.27%25252186.86%252521%252521%2525211254.60%252521614.75%252521%2525402151f59517630748599215389e14ec%25252112000051308662745%252521affd%252521%252521%252521&i=5&f_id=50002;Electrical Equipment & Supplies;USD;"discount|51%|;commissionRate|5.38%|;shopId|1103659154|;";https://ae-pic-a1.aliexpress-media.com/kf/Sd23fc374ad0e4be6a4dbb11c96b36382V.jpg;177.27;86.86
1,00501E+15;Fallout 4 Powered Armor Helmet Mask for Man Resin Material Halloween Mask Masquerade Carnival Party Cosplay Props for Adult;https://rzekl.com/g/1e8d114494a625e64bb116525dc3e8/?ulp=https%3A%2F%2Fs.click.aliexpress.com%2Fdeep_link.htm%3Faff_short_key%3D_c3s1yQkJ%26dl_target_url%3Dhttps%253A%252F%252Fwww.aliexpress.com%252Fitem%252F1005009614314899.html%253Fpdp_npi%253D4%252540dis%252521USD%252521130.65%25252187.54%252521%252521%252521130.65%25252187.54%252521%252540213bf77217630748616115929e7c38%25252112000049636014926%252521affd%252521%252521%252521&i=5&f_id=50002;Cosplay Accessories;USD;"discount|33%|;commissionRate|5.38%|;shopId|2962286|;";https://ae-pic-a1.aliexpress-media.com/kf/Sabe04f3859994b6db51c55f0728a1c13p.jpg;130.65;87.54
1,00501E+15;AnimeFORNeon Genesis EvangelionAyanamiReiofCassiusAsukaRuminus Gun WeaponCosplayPropspvcMaterial Weapon Anime Showplay Props;https://rzekl.com/g/1e8d114494a625e64bb116525dc3e8/?ulp=https%3A%2F%2Fs.click.aliexpress.com%2Fdeep_link.htm%3Faff_short_key%3D_c3s1yQkJ%26dl_target_url%3Dhttps%253A%252F%252Fwww.aliexpress.com%252Fitem%252F1005007485563529.html%253Fpdp_npi%253D4%252540dis%252521USD%252521113.04%25252185.91%252521%252521%252521800.00%252521608.00%252521%25254021410ce717630748614391396e04a0%25252112000040966005526%252521affd%252521%252521%252521&i=5&f_id=50002;Cosplay Accessories;USD;"discount|24%|;commissionRate|5.38%|;shopId|1103999367|;";https://ae-pic-a1.aliexpress-media.com/kf/Sf1b942c02cae450ab282deb090c4ca139.jpg;113.04;85.91
1,00501E+15;Facial Diamond Microdermabrasion Skin Firming Laser Eye Massage Beauty Equipment;https://rzekl.com/g/1e8d114494a625e64bb116525dc3e8/?ulp=https%3A%2F%2Fs.click.aliexpress.com%2Fdeep_link.htm%3Faff_short_key%3D_c3s1yQkJ%26dl_target_url%3Dhttps%253A%252F%252Fwww.aliexpress.com%252Fitem%252F1005009496493295.html%253Fpdp_npi%253D4%252540dis%252521USD%25252196.80%25252190.99%252521%252521%25252196.80%25252190.99%252521%2525402141069c17630748631552028ef77a%25252112000049281827403%252521affd%252521%252521%252521&i=5&f_id=50002;Beauty Equipment;USD;"discount|6%|;commissionRate|5.38%|;shopId|4836161|;";https://ae-pic-a1.aliexpress-media.com/kf/S7e260e34a85140a88a4aff37bf0c9113w.jpg;96.80;90.99
1,00501E+15;Zanpakutou Japanese Katana Shinji Hirako Cosplay Sword Props Anime Halloween Party Stage Performance Accessories 170cm;https://rzekl.com/g/1e8d114494a625e64bb116525dc3e8/?ulp=https%3A%2F%2Fs.click.aliexpress.com%2Fdeep_link.htm%3Faff_short_key%3D_c3s1yQkJ%26dl_target_url%3Dhttps%253A%252F%252Fwww.aliexpress.com%252Fitem%252F1005009812253025.html%253Fpdp_npi%253D4%252540dis%252521USD%252521103.77%25252193.39%252521%252521%252521734.39%252521660.95%252521%25254021410ce717630748614391396e04a0%25252112000050249167077%252521affd%252521%252521%252521&i=5&f_id=50002;Cosplay Accessories;USD;"discount|10%|;commissionRate|5.38%|;shopId|1927043|;";https://ae-pic-a1.aliexpress-media.com/kf/S97c8aaac142443a4b3f5d63095422205N.jpg;103.77;93.39
1,00501E+15;3D Facial Skin Analyzer Machine Scalp Analyzer Multi-Language 15.6 Inch Facial Skin Analysis Scanner AI Skin Analyzer Machine;https://rzekl.com/g/1e8d114494a625e64bb116525dc3e8/?ulp=https%3A%2F%2Fs.click.aliexpress.com%2Fdeep_link.htm%3Faff_short_key%3D_c3s1yQkJ%26dl_target_url%3Dhttps%253A%252F%252Fwww.aliexpress.com%252Fitem%252F1005009584221245.html%253Fpdp_npi%253D4%252540dis%252521USD%252521145.13%25252187.08%252521%252521%2525211027.10%252521616.26%252521%252540213bf77217630748631341410e7c4f%25252112000051151190399%252521affd%252521%252521%252521&i=5&f_id=50002;Beauty Equipment;USD;"discount|40%|;commissionRate|5.38%|;shopId|1104633421|;";https://ae-pic-a1.aliexpress-media.com/kf/Sec697273311c430daf6d64f082921453k.png;145.13;87.08
1,00501E+15;Portable Ultrasonic Cavitation Body Facial Massager Anti Wrinkle Weight Loss Slimming Skin Care Fat Removal Beauty device;https://rzekl.com/g/1e8d114494a625e64bb116525dc3e8/?ulp=https%3A%2F%2Fs.click.aliexpress.com%2Fdeep_link.htm%3Faff_short_key%3D_c3s1yQkJ%26dl_target_url%3Dhttps%253A%252F%252Fwww.aliexpress.com%252Fitem%252F1005010289410172.html%253Fpdp_npi%253D4%252540dis%252521USD%25252186.00%25252186.00%252521%252521%25252186.00%25252186.00%252521%252540213bf77217630748631341410e7c4f%25252112000051802245767%252521affd%252521%252521%252521&i=5&f_id=50002;Beauty Equipment;USD;"discount|0%|;commissionRate|5.38%|;shopId|910534004|;";https://ae-pic-a1.aliexpress-media.com/kf/S0607c03ebf4a43a7863f59dba6465d12z.jpg;;86.00
1,005E+15;Professionl Hydro  Bio-lifting Facial Scrub Oxygen hydrogen Cleansing Lifting dermabrasion Beauty Machine SPA Salon device;https://rzekl.com/g/1e8d114494a625e64bb116525dc3e8/?ulp=https%3A%2F%2Fs.click.aliexpress.com%2Fdeep_link.htm%3Faff_short_key%3D_c3s1yQkJ%26dl_target_url%3Dhttps%253A%252F%252Fwww.aliexpress.com%252Fitem%252F1005004828307948.html%253Fpdp_npi%253D4%252540dis%252521USD%252521200.00%25252192.00%252521%252521%252521200.00%25252192.00%252521%252540213bf77217630748631341410e7c4f%25252112000032353166839%252521affd%252521%252521%252521&i=5&f_id=50002;Beauty Equipment;USD;"discount|54%|;commissionRate|5.38%|;shopId|5123070|;";https://ae-pic-a1.aliexpress-media.com/kf/S34b2afcb21ec4ff5a18a1bef90e91549n.jpg;200.00;92.00
1,00501E+15;5 Inch LCD Screen Digital Skin Diagnosis System Hair Analyzer Analysis Portable Rechargeable Scanner Freeze Frame Fixed;https://rzekl.com/g/1e8d114494a625e64bb116525dc3e8/?ulp=https%3A%2F%2Fs.click.aliexpress.com%2Fdeep_link.htm%3Faff_short_key%3D_c3s1yQkJ%26dl_target_url%3Dhttps%253A%252F%252Fwww.aliexpress.com%252Fitem%252F1005007693251015.html%253Fpdp_npi%253D4%252540dis%252521USD%252521219.04%25252192.00%252521%252521%252521219.04%25252192.00%252521%2525402102f32217630748634213632e4067%25252112000041869718341%252521affd%252521%252521%252521&i=5&f_id=50002;Beauty Equipment;USD;"discount|58%|;commissionRate|5.38%|;shopId|912004033|;";https://ae-pic-a1.aliexpress-media.com/kf/Hbc62f1ca3dc24e1bb4548cdcc6f19ba2L.jpg;219.04;92.00
1,00501E+15;NEW Hot sale home use portable Face Hair care Mini Facial HOT Steamer Salon Ozone Table Pro Personal use machine TOP Quality;https://rzekl.com/g/1e8d114494a625e64bb116525dc3e8/?ulp=https%3A%2F%2Fs.click.aliexpress.com%2Fdeep_link.htm%3Faff_short_key%3D_c3s1yQkJ%26dl_target_url%3Dhttps%253A%252F%252Fwww.aliexpress.com%252Fitem%252F1005010042542344.html%253Fpdp_npi%253D4%252540dis%252521USD%25252198.00%25252198.00%252521%252521%25252198.00%25252198.00%252521%2525402151f59517630748634105855e14be%25252112000050923718816%252521affd%252521%252521%252521&i=5&f_id=50002;Beauty Equipment;USD;"discount|0%|;commissionRate|5.38%|;shopId|911563120|;";https://ae-pic-a1.aliexpress-media.com/kf/Sff8e75cf2fc74c95ae51de4f6b1cda34a.jpg;;98.00
1,00501E+15;7 in 1 Oxygen Hydro dermabrasion Bubble Machine Professional Face Hydra  machine;https://rzekl.com/g/1e8d114494a625e64bb116525dc3e8/?ulp=https%3A%2F%2Fs.click.aliexpress.com%2Fdeep_link.htm%3Faff_short_key%3D_c3s1yQkJ%26dl_target_url%3Dhttps%253A%252F%252Fwww.aliexpress.com%252Fitem%252F1005009565217289.html%253Fpdp_npi%253D4%252540dis%252521USD%252521311.44%25252199.66%252521%252521%2525212204.12%252521705.32%252521%2525402151f59517630748634105855e14be%25252112000049479022236%252521affd%252521%252521%252521&i=5&f_id=50002;Beauty Equipment;USD;"discount|68%|;commissionRate|5.38%|;shopId|1104077544|;";https://ae-pic-a1.aliexpress-media.com/kf/S2f5c1141aa254818a39c92f88f9f7a80R.jpg;311.44;99.66
1,00501E+15;Diamond Microdermabrasion Machine, 65-68cmHg Suction Power Professional Dermabrasion, Home Use Facial Skin Care Equipment;https://rzekl.com/g/1e8d114494a625e64bb116525dc3e8/?ulp=https%3A%2F%2Fs.click.aliexpress.com%2Fdeep_link.htm%3Faff_short_key%3D_c3s1yQkJ%26dl_target_url%3Dhttps%253A%252F%252Fwww.aliexpress.com%252Fitem%252F1005009888064073.html%253Fpdp_npi%253D4%252540dis%252521USD%252521182.18%25252185.62%252521%252521%2525211289.33%252521605.99%252521%2525402102f32217630748634213632e4067%25252112000050484948439%252521affd%252521%252521%252521&i=5&f_id=50002;Beauty Equipment;USD;"discount|53%|;commissionRate|5.38%|;shopId|1104828132|;";https://ae-pic-a1.aliexpress-media.com/kf/S28349e44450e4243a89b70b2280d2a75v.jpg;182.18;85.62
1,00501E+15;New Diamond Microdermabrasion Machine Exfoliation Facial Dermabrasion Devices Vacuum Wrinkle Removal Peeling Skin Care Tools;https://rzekl.com/g/1e8d114494a625e64bb116525dc3e8/?ulp=https%3A%2F%2Fs.click.aliexpress.com%2Fdeep_link.htm%3Faff_short_key%3D_c3s1yQkJ%26dl_target_url%3Dhttps%253A%252F%252Fwww.aliexpress.com%252Fitem%252F1005005043641615.html%253Fpdp_npi%253D4%252540dis%252521USD%252521187.98%25252186.47%252521%252521%252521187.98%25252186.47%252521%2525402102f32217630748634213632e4067%25252112000031446649673%252521affd%252521%252521%252521&i=5&f_id=50002;Beauty Equipment;USD;"discount|54%|;commissionRate|5.38%|;shopId|911135187|;";https://ae-pic-a1.aliexpress-media.com/kf/Sf1a75154559b4a52bc380e8af7dcdf27g.jpg;187.98;86.47
1,00501E+15;GAVR-75A and GAVR-100A AVR Automatic Voltage Regulators for Brush Type Diesel Generator Set, 220V-380V;https://rzekl.com/g/1e8d114494a625e64bb116525dc3e8/?ulp=https%3A%2F%2Fs.click.aliexpress.com%2Fdeep_link.htm%3Faff_short_key%3D_c3s1yQkJ%26dl_target_url%3Dhttps%253A%252F%252Fwww.aliexpress.com%252Fitem%252F1005006295550925.html%253Fpdp_npi%253D4%252540dis%252521USD%25252190.17%25252190.17%252521%252521%252521638.17%252521638.17%252521%25254021411b6217630748602088326e2fe8%25252112000036649101565%252521affd%252521%252521%252521&i=5&f_id=50002;Electrical Equipment & Supplies;USD;"discount|0%|;commissionRate|5.38%|;shopId|1103213270|;";https://ae-pic-a1.aliexpress-media.com/kf/Sc3d8d8666a414affa62d24d273075013V.png;;90.17
1,00501E+15;SucceBuy 2/3/3.7HP Air Compressor Motor 230V Single Phase Electric Motor 3450RPM CW/CCW Rotation Motor for Air Compressors;https://rzekl.com/g/1e8d114494a625e64bb116525dc3e8/?ulp=https%3A%2F%2Fs.click.aliexpress.com%2Fdeep_link.htm%3Faff_short_key%3D_c3s1yQkJ%26dl_target_url%3Dhttps%253A%252F%252Fwww.aliexpress.com%252Fitem%252F1005008545814107.html%253Fpdp_npi%253D4%252540dis%252521USD%252521154.60%25252189.67%252521%252521%252521154.60%25252189.67%252521%25254021413d5a17630748644638264e6f4e%25252112000045656258262%252521affd%252521%252521%252521&i=5&f_id=50002;Electrical Equipment & Supplies;USD;"discount|42%|;commissionRate|5.38%|;shopId|1103580698|;";https://ae-pic-a1.aliexpress-media.com/kf/S5c4bdf8be03c467981854ac79efc2b2cD.jpg;154.60;89.67
1,00501E+15;High Quality Handmade Wedding Shoes Chinese Han Clothing Women's Height Increasing Insole Antique Embroidery Embroidered;https://rzekl.com/g/1e8d114494a625e64bb116525dc3e8/?ulp=https%3A%2F%2Fs.click.aliexpress.com%2Fdeep_link.htm%3Faff_short_key%3D_c3s1yQkJ%26dl_target_url%3Dhttps%253A%252F%252Fwww.aliexpress.com%252Fitem%252F1005009295649075.html%253Fpdp_npi%253D4%252540dis%252521USD%25252190.47%25252186.85%252521%252521%252521640.26%252521614.65%252521%25254021410ce717630748642077995e04a5%25252112000048648964724%252521affd%252521%252521%252521&i=5&f_id=50002;Cosplay Accessories;USD;"discount|4%|;commissionRate|5.38%|;shopId|1103332803|;";https://ae-pic-a1.aliexpress-media.com/kf/S01c64f6c4634490a9142e17add38114bY.jpg;90.47;86.85
1,00501E+15;Qingwanyuan Haisem Shenxumi Ai'erhasen Cos Wig Mixed Color Gradient Corn Beard Sculpted Shape;https://rzekl.com/g/1e8d114494a625e64bb116525dc3e8/?ulp=https%3A%2F%2Fs.click.aliexpress.com%2Fdeep_link.htm%3Faff_short_key%3D_c3s1yQkJ%26dl_target_url%3Dhttps%253A%252F%252Fwww.aliexpress.com%252Fitem%252F1005009514917631.html%253Fpdp_npi%253D4%252540dis%252521USD%25252187.42%25252187.42%252521%252521%25252187.42%25252187.42%252521%2525402151f59517630748634403105e14c8%25252112000049336995612%252521affd%252521%252521%252521&i=5&f_id=50002;Cosplay Accessories;USD;"discount|0%|;commissionRate|5.38%|;shopId|911759025|;";https://ae-pic-a1.aliexpress-media.com/kf/Se9f6e8e9d38547a093a4dd8106d3b5f4C.jpg;;87.42
1,00501E+15;Sarkaz Staff Prop Cosplay Halloween Christmas Party Props for Comic Show;https://rzekl.com/g/1e8d114494a625e64bb116525dc3e8/?ulp=https%3A%2F%2Fs.click.aliexpress.com%2Fdeep_link.htm%3Faff_short_key%3D_c3s1yQkJ%26dl_target_url%3Dhttps%253A%252F%252Fwww.aliexpress.com%252Fitem%252F1005009453790503.html%253Fpdp_npi%253D4%252540dis%252521USD%25252197.91%25252188.12%252521%252521%252521692.93%252521623.64%252521%25254021410ce717630748642077995e04a5%25252112000049152478953%252521affd%252521%252521%252521&i=5&f_id=50002;Cosplay Accessories;USD;"discount|10%|;commissionRate|5.38%|;shopId|4658167|;";https://ae-pic-a1.aliexpress-media.com/kf/S91ad2aaf48b5481594af8456376cf873F.jpg;97.91;88.12
1,00501E+15;Genshin Impact Xiao Cosplay Spear Prop Primordial Jade Winged-Spear Weapons for Halloween Christmas Party Masquerade Anime Shows;https://rzekl.com/g/1e8d114494a625e64bb116525dc3e8/?ulp=https%3A%2F%2Fs.click.aliexpress.com%2Fdeep_link.htm%3Faff_short_key%3D_c3s1yQkJ%26dl_target_url%3Dhttps%253A%252F%252Fwww.aliexpress.com%252Fitem%252F1005007791824534.html%253Fpdp_npi%253D4%252540dis%252521USD%25252199.59%25252199.59%252521%252521%252521704.82%252521704.82%252521%2525402102e09d17630748638547834eb2a0%25252112000042216552329%252521affd%252521%252521%252521&i=5&f_id=50002;Cosplay Accessories;USD;"discount|0%|;commissionRate|5.38%|;shopId|911837136|;";https://ae-pic-a1.aliexpress-media.com/kf/Sa1e686c4a26b411a87f7c1f6c6b8a6d8i.jpg;;99.59
1,00501E+15;Professional Home Use Hand Acupoint Therapy Diagnosis Machine;https://rzekl.com/g/1e8d114494a625e64bb116525dc3e8/?ulp=https%3A%2F%2Fs.click.aliexpress.com%2Fdeep_link.htm%3Faff_short_key%3D_c3s1yQkJ%26dl_target_url%3Dhttps%253A%252F%252Fwww.aliexpress.com%252Fitem%252F1005008040572636.html%253Fpdp_npi%253D4%252540dis%252521USD%25252194.67%25252187.10%252521%252521%252521670.00%252521616.40%252521%252540213bf77217630748654198954e7bf4%25252112000043381138593%252521affd%252521%252521%252521&i=5&f_id=50002;Beauty Equipment;USD;"discount|8%|;commissionRate|5.38%|;shopId|1102320443|;";https://ae-pic-a1.aliexpress-media.com/kf/A5fc829dc74d647079cb7cdf932fb6f9a5.jpg;94.67;87.10
1,00501E+15;China Best Bio Scanner Quantum Magnetic Analyser Machine Price;https://rzekl.com/g/1e8d114494a625e64bb116525dc3e8/?ulp=https%3A%2F%2Fs.click.aliexpress.com%2Fdeep_link.htm%3Faff_short_key%3D_c3s1yQkJ%26dl_target_url%3Dhttps%253A%252F%252Fwww.aliexpress.com%252Fitem%252F1005008186163703.html%253Fpdp_npi%253D4%252540dis%252521USD%25252197.50%25252189.70%252521%252521%252521690.00%252521634.80%252521%252540213bf77217630748654198954e7bf4%25252112000044163568549%252521affd%252521%252521%252521&i=5&f_id=50002;Beauty Equipment;USD;"discount|8%|;commissionRate|5.38%|;shopId|1102320443|;";https://ae-pic-a1.aliexpress-media.com/kf/S22fd6d0e9afc4509a7a55c0537c4b2aaV.jpg;97.50;89.70
1,00501E+15;Second-hand motor ECMA-C30604PS 0.4 kw dismantling function intact;https://rzekl.com/g/1e8d114494a625e64bb116525dc3e8/?ulp=https%3A%2F%2Fs.click.aliexpress.com%2Fdeep_link.htm%3Faff_short_key%3D_c3s1yQkJ%26dl_target_url%3Dhttps%253A%252F%252Fwww.aliexpress.com%252Fitem%252F1005008096822396.html%253Fpdp_npi%253D4%252540dis%252521USD%25252192.12%25252189.36%252521%252521%252521651.94%252521632.38%252521%25254021413d5a17630748644638264e6f4e%25252112000043712783169%252521affd%252521%252521%252521&i=5&f_id=50002;Electrical Equipment & Supplies;USD;"discount|3%|;commissionRate|5.38%|;shopId|1104270464|;";https://ae-pic-a1.aliexpress-media.com/kf/S372a50dcb53c468e8011089a214ab6aeJ.jpg;92.12;89.36
1,00501E+15;HT-B30S 5-200X HD Hair & Scalp Microscope - 2MP Portable Follicle Detector with OTG, USB & LED Light for Salon/Home Use;https://rzekl.com/g/1e8d114494a625e64bb116525dc3e8/?ulp=https%3A%2F%2Fs.click.aliexpress.com%2Fdeep_link.htm%3Faff_short_key%3D_c3s1yQkJ%26dl_target_url%3Dhttps%253A%252F%252Fwww.aliexpress.com%252Fitem%252F1005009361172323.html%253Fpdp_npi%253D4%252540dis%252521USD%252521141.12%25252194.55%252521%252521%252521141.12%25252194.55%252521%252540213bf77217630748654198954e7bf4%25252112000048865155844%252521affd%252521%252521%252521&i=5&f_id=50002;Beauty Equipment;USD;"discount|33%|;commissionRate|5.38%|;shopId|1033650|;";https://ae-pic-a1.aliexpress-media.com/kf/Sb8f8411a2e7041369b5addc3b89976a2B.png;141.12;94.55
1,00501E+15;Nier Automata Shoe Long Boots Cosplay Costume Yorha 2B Sexy Outfit Games Women Role Play Girls Halloween Party Fancy;https://rzekl.com/g/1e8d114494a625e64bb116525dc3e8/?ulp=https%3A%2F%2Fs.click.aliexpress.com%2Fdeep_link.htm%3Faff_short_key%3D_c3s1yQkJ%26dl_target_url%3Dhttps%253A%252F%252Fwww.aliexpress.com%252Fitem%252F1005008382951578.html%253Fpdp_npi%253D4%252540dis%252521USD%25252192.77%25252189.06%252521%252521%252521656.55%252521630.29%252521%2525402141069c17630748670122050ef821%25252112000044795534481%252521affd%252521%252521%252521&i=5&f_id=50002;Cosplay Accessories;USD;"discount|4%|;commissionRate|5.38%|;shopId|911295023|;";https://ae-pic-a1.aliexpress-media.com/kf/S2484c9f729d94a3a9f4f57a67d1fbed9p.jpg;92.77;89.06
1,00501E+15;CTOLITY SP100 100W Solar Panel 20.5V Portable Foldable Solar Charger for Camping Portable Solar Generator Output Power Bank;https://rzekl.com/g/1e8d114494a625e64bb116525dc3e8/?ulp=https%3A%2F%2Fs.click.aliexpress.com%2Fdeep_link.htm%3Faff_short_key%3D_c3s1yQkJ%26dl_target_url%3Dhttps%253A%252F%252Fwww.aliexpress.com%252Fitem%252F1005009551935779.html%253Fpdp_npi%253D4%252540dis%252521USD%252521167.39%25252185.37%252521%252521%2525211184.62%252521604.16%252521%2525402102f32217630748651933440e409f%25252112000049445517492%252521affd%252521%252521%252521&i=5&f_id=50002;Electrical Equipment & Supplies;USD;"discount|49%|;commissionRate|5.38%|;shopId|1104993657|;";https://ae-pic-a1.aliexpress-media.com/kf/Sd8695c7552814e09b9ed2efa2a087ce3p.jpg;167.39;85.37
1,00501E+15;Professional Free Software Quantum Resonance Magnetic Analyzer 2024;https://rzekl.com/g/1e8d114494a625e64bb116525dc3e8/?ulp=https%3A%2F%2Fs.click.aliexpress.com%2Fdeep_link.htm%3Faff_short_key%3D_c3s1yQkJ%26dl_target_url%3Dhttps%253A%252F%252Fwww.aliexpress.com%252Fitem%252F1005008156983819.html%253Fpdp_npi%253D4%252540dis%252521USD%252521104.18%25252195.85%252521%252521%252521737.28%252521678.30%252521%2525402102e09d17630748673105843eb29d%25252112000044028042577%252521affd%252521%252521%252521&i=5&f_id=50002;Beauty Equipment;USD;"discount|8%|;commissionRate|5.38%|;shopId|1102320443|;";https://ae-pic-a1.aliexpress-media.com/kf/S369bbf2b61b54cf0ac17f952e2495c70d.jpg;104.18;95.85
1,00501E+15;Y&H 1000W 1300W 1400W MPPT Grid Tie Solar Inverter 24V/36V DC to 110V AC Pure Sine Wave Converter for Solar Panels/Battery;https://rzekl.com/g/1e8d114494a625e64bb116525dc3e8/?ulp=https%3A%2F%2Fs.click.aliexpress.com%2Fdeep_link.htm%3Faff_short_key%3D_c3s1yQkJ%26dl_target_url%3Dhttps%253A%252F%252Fwww.aliexpress.com%252Fitem%252F1005010172894176.html%253Fpdp_npi%253D4%252540dis%252521USD%252521175.02%25252185.76%252521%252521%2525211238.62%252521606.92%252521%25254021413d5a17630748685106368e6f62%25252112000051400502178%252521affd%252521%252521%252521&i=5&f_id=50002;Electrical Equipment & Supplies;USD;"discount|51%|;commissionRate|5.38%|;shopId|1103659154|;";https://ae-pic-a1.aliexpress-media.com/kf/S314f6e90a7e3427cb5bdaab63e338c4e6.jpg;175.02;85.76
1,005E+15;Moeyu Hatsune Miku Shoes for Men Vocaloid Cosplay Male Sneakers Women Tennis Sport Athletic Anime Figure Shoe Casual Shoes;https://rzekl.com/g/1e8d114494a625e64bb116525dc3e8/?ulp=https%3A%2F%2Fs.click.aliexpress.com%2Fdeep_link.htm%3Faff_short_key%3D_c3s1yQkJ%26dl_target_url%3Dhttps%253A%252F%252Fwww.aliexpress.com%252Fitem%252F1005003888712556.html%253Fpdp_npi%253D4%252540dis%252521USD%252521104.06%25252198.88%252521%252521%252521104.06%25252198.88%252521%25254021413d5a17630748678953700e6f60%25252112000027395081127%252521affd%252521%252521%252521&i=5&f_id=50002;Cosplay Accessories;USD;"discount|4%|;commissionRate|5.38%|;shopId|911930102|;";https://ae-pic-a1.aliexpress-media.com/kf/S15ef3145a24642d9af72b446964ec279h.jpg;104.06;98.88
1,00501E+15;New 3 in1 Diamond Microdermabrasion Dermabrasion Machine Water Spray Exfoliation Beauty Machine Wrinkle Face Peeling Machine;https://rzekl.com/g/1e8d114494a625e64bb116525dc3e8/?ulp=https%3A%2F%2Fs.click.aliexpress.com%2Fdeep_link.htm%3Faff_short_key%3D_c3s1yQkJ%26dl_target_url%3Dhttps%253A%252F%252Fwww.aliexpress.com%252Fitem%252F1005009138138484.html%253Fpdp_npi%253D4%252540dis%252521USD%252521205.98%25252194.75%252521%252521%252521205.98%25252194.75%252521%25254021410ce717630748698768795e048c%25252112000048053884714%252521affd%252521%252521%252521&i=5&f_id=50002;Beauty Equipment;USD;"discount|54%|;commissionRate|5.38%|;shopId|911135187|;";https://ae-pic-a1.aliexpress-media.com/kf/S628206e7631d4496a410dbb432bce3c2n.jpg;205.98;94.75
1,00501E+15;7 in 1 Aqua Peeling H2O2 Facial Machine Hydra Water Dermabrasion Skin Scrubber Peel Oxygen Jet Facial Machine;https://rzekl.com/g/1e8d114494a625e64bb116525dc3e8/?ulp=https%3A%2F%2Fs.click.aliexpress.com%2Fdeep_link.htm%3Faff_short_key%3D_c3s1yQkJ%26dl_target_url%3Dhttps%253A%252F%252Fwww.aliexpress.com%252Fitem%252F1005008347043792.html%253Fpdp_npi%253D4%252540dis%252521USD%252521312.05%25252199.85%252521%252521%2525212208.44%252521706.70%252521%25254021410ce717630748698768795e048c%25252112000044682186206%252521affd%252521%252521%252521&i=5&f_id=50002;Beauty Equipment;USD;"discount|68%|;commissionRate|5.38%|;shopId|1104077544|;";https://ae-pic-a1.aliexpress-media.com/kf/S93f78e18d1c249ff804491fb5133e3c2T.jpg;312.05;99.85
1,00501E+15;Latest Version Quantum Resonance Magnetic Analyzer Software Free Download;https://rzekl.com/g/1e8d114494a625e64bb116525dc3e8/?ulp=https%3A%2F%2Fs.click.aliexpress.com%2Fdeep_link.htm%3Faff_short_key%3D_c3s1yQkJ%26dl_target_url%3Dhttps%253A%252F%252Fwww.aliexpress.com%252Fitem%252F1005009443295949.html%253Fpdp_npi%253D4%252540dis%252521USD%252521102.58%25252194.37%252521%252521%252521726.00%252521667.92%252521%25254021410ce717630748698768795e048c%25252112000049118082149%252521affd%252521%252521%252521&i=5&f_id=50002;Beauty Equipment;USD;"discount|8%|;commissionRate|5.38%|;shopId|1102320443|;";https://ae-pic-a1.aliexpress-media.com/kf/S8031284cdd474f06827e1ade816a10d5W.jpg;102.58;94.37
1,00501E+15;FREE SHIPPING NEW AND ORIGINAL MODULE K428A5001;https://rzekl.com/g/1e8d114494a625e64bb116525dc3e8/?ulp=https%3A%2F%2Fs.click.aliexpress.com%2Fdeep_link.htm%3Faff_short_key%3D_c3s1yQkJ%26dl_target_url%3Dhttps%253A%252F%252Fwww.aliexpress.com%252Fitem%252F1005008365410552.html%253Fpdp_npi%253D4%252540dis%252521USD%25252186.00%25252186.00%252521%252521%25252186.00%25252186.00%252521%2525402102e09d17630748689964924eb29e%25252112000044732130149%252521affd%252521%252521%252521&i=5&f_id=50002;Electrical Equipment & Supplies;USD;"discount|0%|;commissionRate|5.38%|;shopId|4656111|;";https://ae-pic-a1.aliexpress-media.com/kf/Se4facc965e0b400b84cffda170f0a5fcU.jpg;;86.00
1,00501E+15;Angel Wings Prop Cosplay Costume Accessories Super Wings Performance Props Halloween Christmas Party Props;https://rzekl.com/g/1e8d114494a625e64bb116525dc3e8/?ulp=https%3A%2F%2Fs.click.aliexpress.com%2Fdeep_link.htm%3Faff_short_key%3D_c3s1yQkJ%26dl_target_url%3Dhttps%253A%252F%252Fwww.aliexpress.com%252Fitem%252F1005008703099123.html%253Fpdp_npi%253D4%252540dis%252521USD%252521203.85%25252199.88%252521%252521%2525211442.71%252521706.93%252521%2525402102e09d17630748698441216eb319%25252112000046312746674%252521affd%252521%252521%252521&i=5&f_id=50002;Cosplay Accessories;USD;"discount|51%|;commissionRate|5.38%|;shopId|1103273482|;";https://ae-pic-a1.aliexpress-media.com/kf/S5831d5c567874842926a06af98ecd474C.jpg;203.85;99.88
1,005E+15;New Arrival Body Diagnostic Quantum Magnetic Resonance Analyzer Health Body Scanner With 53 Reports;https://rzekl.com/g/1e8d114494a625e64bb116525dc3e8/?ulp=https%3A%2F%2Fs.click.aliexpress.com%2Fdeep_link.htm%3Faff_short_key%3D_c3s1yQkJ%26dl_target_url%3Dhttps%253A%252F%252Fwww.aliexpress.com%252Fitem%252F1005004960953146.html%253Fpdp_npi%253D4%252540dis%252521USD%252521105.62%25252197.17%252521%252521%252521747.52%252521687.72%252521%2525402151f59517630748724565355e14ba%25252112000031163732784%252521affd%252521%252521%252521&i=5&f_id=50002;Beauty Equipment;USD;"discount|8%|;commissionRate|5.38%|;shopId|1102320443|;";https://ae-pic-a1.aliexpress-media.com/kf/S15a6631d89bb4adf860f6644e0af1e4cF.jpg;105.62;97.17
1,005E+15;Oem Bioresonance Quantum Health Analyzer Magnetic Resonance;https://rzekl.com/g/1e8d114494a625e64bb116525dc3e8/?ulp=https%3A%2F%2Fs.click.aliexpress.com%2Fdeep_link.htm%3Faff_short_key%3D_c3s1yQkJ%26dl_target_url%3Dhttps%253A%252F%252Fwww.aliexpress.com%252Fitem%252F1005004936425692.html%253Fpdp_npi%253D4%252540dis%252521USD%25252194.05%25252186.53%252521%252521%252521665.60%252521612.35%252521%2525402151f59517630748724565355e14ba%25252112000031079675135%252521affd%252521%252521%252521&i=5&f_id=50002;Beauty Equipment;USD;"discount|8%|;commissionRate|5.38%|;shopId|1102320443|;";https://ae-pic-a1.aliexpress-media.com/kf/Sdfb9cd30e77c45f38fc551d107673d18X.jpg;94.05;86.53
1,00501E+15;Power Transformer Voltage Converter Voltage Transformer Step Up  Converter 1500W Adjustable 110V‑120V 220V‑240V AC Input;https://rzekl.com/g/1e8d114494a625e64bb116525dc3e8/?ulp=https%3A%2F%2Fs.click.aliexpress.com%2Fdeep_link.htm%3Faff_short_key%3D_c3s1yQkJ%26dl_target_url%3Dhttps%253A%252F%252Fwww.aliexpress.com%252Fitem%252F1005007349279076.html%253Fpdp_npi%253D4%252540dis%252521USD%252521165.52%25252192.69%252521%252521%2525211171.44%252521656.01%252521%2525402141069c17630748713555289ef77b%25252112000040370311197%252521affd%252521%252521%252521&i=5&f_id=50002;Electrical Equipment & Supplies;USD;"discount|44%|;commissionRate|5.38%|;shopId|1103837359|;";https://ae-pic-a1.aliexpress-media.com/kf/S25748362ae704d15842c261b39e84a9cd.jpg;165.52;92.69
1,00501E+15;Support 57F series / 27E series simulator  SN-LINK Adapter V3.0 Simulator;https://rzekl.com/g/1e8d114494a625e64bb116525dc3e8/?ulp=https%3A%2F%2Fs.click.aliexpress.com%2Fdeep_link.htm%3Faff_short_key%3D_c3s1yQkJ%26dl_target_url%3Dhttps%253A%252F%252Fwww.aliexpress.com%252Fitem%252F1005008501817348.html%253Fpdp_npi%253D4%252540dis%252521USD%252521135.00%25252186.40%252521%252521%252521135.00%25252186.40%252521%25254021410ce717630748733388379e048d%25252112000045447612719%252521affd%252521%252521%252521&i=5&f_id=50002;Electrical Equipment & Supplies;USD;"discount|36%|;commissionRate|5.38%|;shopId|5437137|;";https://ae-pic-a1.aliexpress-media.com/kf/Hd487ece2442d4deb8307c9b57e15dc4b7.jpg;135.00;86.40
1,00501E+15;Elegant French Embroidery Beaded Lace Fabric, African Nigerian Fabric with Sequins, Wedding Dress Sewing, LY6553, Fashion, 2025;https://rzekl.com/g/1e8d114494a625e64bb116525dc3e8/?ulp=https%3A%2F%2Fs.click.aliexpress.com%2Fdeep_link.htm%3Faff_short_key%3D_c3s1yQkJ%26dl_target_url%3Dhttps%253A%252F%252Fwww.aliexpress.com%252Fitem%252F1005009520275824.html%253Fpdp_npi%253D4%252540dis%252521USD%252521198.00%25252195.04%252521%252521%252521198.00%25252195.04%252521%25254021411b6217630748737747303e3004%25252112000049352942541%252521affd%252521%252521%252521&i=5&f_id=50002;Apparel Fabrics & Textiles;USD;"discount|52%|;commissionRate|5.38%|;shopId|1102252321|;";https://ae-pic-a1.aliexpress-media.com/kf/Sf856ad04d08241cdaa58be99cfc258fd6.png;198.00;95.04
1,00501E+15;Second-hand PNOZ 1 775695 safety relay Functional test OK Fast delivery;https://rzekl.com/g/1e8d114494a625e64bb116525dc3e8/?ulp=https%3A%2F%2Fs.click.aliexpress.com%2Fdeep_link.htm%3Faff_short_key%3D_c3s1yQkJ%26dl_target_url%3Dhttps%253A%252F%252Fwww.aliexpress.com%252Fitem%252F1005010258663682.html%253Fpdp_npi%253D4%252540dis%252521USD%25252198.91%25252198.91%252521%252521%252521700.00%252521700.00%252521%25254021413d5a17630748763635866e6f5a%25252112000051695880802%252521affd%252521%252521%252521&i=5&f_id=50002;Electrical Equipment & Supplies;USD;"discount|0%|;commissionRate|5.38%|;shopId|1102725304|;";https://ae-pic-a1.aliexpress-media.com/kf/S1c9d28433699400fa772b89ae5164f4fJ.jpg;;98.91
1,00501E+15;Wholesale High Quality Fashion African Tulle Embroidery 3D Flower Lace Fabric for Wedding Dress Party Sewing;https://rzekl.com/g/1e8d114494a625e64bb116525dc3e8/?ulp=https%3A%2F%2Fs.click.aliexpress.com%2Fdeep_link.htm%3Faff_short_key%3D_c3s1yQkJ%26dl_target_url%3Dhttps%253A%252F%252Fwww.aliexpress.com%252Fitem%252F1005009639943595.html%253Fpdp_npi%253D4%252540dis%252521USD%252521198.00%25252195.04%252521%252521%252521198.00%25252195.04%252521%25254021411b6217630748737747303e3004%25252112000049724923613%252521affd%252521%252521%252521&i=5&f_id=50002;Apparel Fabrics & Textiles;USD;"discount|52%|;commissionRate|5.38%|;shopId|2341140|;";https://ae-pic-a1.aliexpress-media.com/kf/S1f0e1056109c4811a1c9b13ad979cc8ca.png;198.00;95.04
1,00501E+15;Second-hand PLC module TM2DDI16DT, function package;https://rzekl.com/g/1e8d114494a625e64bb116525dc3e8/?ulp=https%3A%2F%2Fs.click.aliexpress.com%2Fdeep_link.htm%3Faff_short_key%3D_c3s1yQkJ%26dl_target_url%3Dhttps%253A%252F%252Fwww.aliexpress.com%252Fitem%252F1005008065239467.html%253Fpdp_npi%253D4%252540dis%252521USD%25252194.14%25252191.32%252521%252521%252521666.24%252521646.25%252521%25254021413d5a17630748738916188e6f4a%25252112000043513136272%252521affd%252521%252521%252521&i=5&f_id=50002;Electrical Equipment & Supplies;USD;"discount|3%|;commissionRate|5.38%|;shopId|1104270464|;";https://ae-pic-a1.aliexpress-media.com/kf/S98a01c258fe54b2d8a5e8e470562ba88L.jpg;94.14;91.32
1,00501E+15;African Nigerian Sequins Embroidery Tulle Lace Fabric, Sewing Beads Stone Prom Dresses, High Quality, 5Yards, 2025 C367;https://rzekl.com/g/1e8d114494a625e64bb116525dc3e8/?ulp=https%3A%2F%2Fs.click.aliexpress.com%2Fdeep_link.htm%3Faff_short_key%3D_c3s1yQkJ%26dl_target_url%3Dhttps%253A%252F%252Fwww.aliexpress.com%252Fitem%252F1005009456001162.html%253Fpdp_npi%253D4%252540dis%252521USD%252521204.00%25252197.92%252521%252521%252521204.00%25252197.92%252521%2525402141069c17630748750644806ef77a%25252112000049158623472%252521affd%252521%252521%252521&i=5&f_id=50002;Apparel Fabrics & Textiles;USD;"discount|52%|;commissionRate|5.38%|;shopId|1102252321|;";https://ae-pic-a1.aliexpress-media.com/kf/S28253f7d46494cfb9ffafeff857044afc.jpg;204.00;97.92
1,00501E+15;Rare Michael Jackson Bule Man's Jacket Blood On The Dance Floor for Impersonator;https://rzekl.com/g/1e8d114494a625e64bb116525dc3e8/?ulp=https%3A%2F%2Fs.click.aliexpress.com%2Fdeep_link.htm%3Faff_short_key%3D_c3s1yQkJ%26dl_target_url%3Dhttps%253A%252F%252Fwww.aliexpress.com%252Fitem%252F1005007779714415.html%253Fpdp_npi%253D4%252540dis%252521USD%25252199.99%25252190.99%252521%252521%25252199.99%25252190.99%252521%2525402151f59517630748738448011e14ea%25252112000042180648182%252521affd%252521%252521%252521&i=5&f_id=50002;Cosplay Accessories;USD;"discount|9%|;commissionRate|5.38%|;shopId|2793028|;";https://ae-pic-a1.aliexpress-media.com/kf/Sd181fc6b3b504e3982c1ec7a78b53d32b.jpg;99.99;90.99
1,00501E+15;Second hand Touchscreen TPC7062TD (KT) test OK in stock for quick delivery;https://rzekl.com/g/1e8d114494a625e64bb116525dc3e8/?ulp=https%3A%2F%2Fs.click.aliexpress.com%2Fdeep_link.htm%3Faff_short_key%3D_c3s1yQkJ%26dl_target_url%3Dhttps%253A%252F%252Fwww.aliexpress.com%252Fitem%252F1005008692344115.html%253Fpdp_npi%253D4%252540dis%252521USD%25252197.50%25252197.50%252521%252521%252521690.00%252521690.00%252521%25254021411b6217630748747772021e3000%25252112000046266297349%252521affd%252521%252521%252521&i=5&f_id=50002;Electrical Equipment & Supplies;USD;"discount|0%|;commissionRate|5.38%|;shopId|1104145107|;";https://ae-pic-a1.aliexpress-media.com/kf/S97081b40756b40dd9a635dad25d3ca71x.png;;97.50
1,00501E+15;For 4TB HUS724040ALA640 4T enterprise 7K4000 7200 rpm vertical;https://rzekl.com/g/1e8d114494a625e64bb116525dc3e8/?ulp=https%3A%2F%2Fs.click.aliexpress.com%2Fdeep_link.htm%3Faff_short_key%3D_c3s1yQkJ%26dl_target_url%3Dhttps%253A%252F%252Fwww.aliexpress.com%252Fitem%252F1005009645514388.html%253Fpdp_npi%253D4%252540dis%252521USD%25252189.00%25252189.00%252521%252521%25252189.00%25252189.00%252521%25254021413d5a17630748731687229e6f62%25252112000049749743438%252521affd%252521%252521%252521&i=5&f_id=50002;Electrical Equipment & Supplies;USD;"discount|0%|;commissionRate|5.38%|;shopId|1394645|;";https://ae-pic-a1.aliexpress-media.com/kf/Sb9a768d1daac4c49a20a21c72497a65e3.png;;89.00
1,00501E+15;Fantasia Doreen Green Shoes Boots Game Rival Cosplay Disfraz Costume Accessories Women Fantasy Halloween Carnival Party Prop;https://rzekl.com/g/1e8d114494a625e64bb116525dc3e8/?ulp=https%3A%2F%2Fs.click.aliexpress.com%2Fdeep_link.htm%3Faff_short_key%3D_c3s1yQkJ%26dl_target_url%3Dhttps%253A%252F%252Fwww.aliexpress.com%252Fitem%252F1005008594160337.html%253Fpdp_npi%253D4%252540dis%252521USD%252521109.61%25252185.50%252521%252521%252521109.61%25252185.50%252521%2525402102f32217630748757565617e409f%25252112000045875826883%252521affd%252521%252521%252521&i=5&f_id=50002;Cosplay Accessories;USD;"discount|22%|;commissionRate|5.38%|;shopId|912267737|;";https://ae-pic-a1.aliexpress-media.com/kf/S160642fa427a458b93188dc68a5a46ce1.jpg;109.61;85.50
1,00501E+15;4000W Car Inverter, DC 12V to AC 110V60HZ power converter with LCD display, suitable for camping;https://rzekl.com/g/1e8d114494a625e64bb116525dc3e8/?ulp=https%3A%2F%2Fs.click.aliexpress.com%2Fdeep_link.htm%3Faff_short_key%3D_c3s1yQkJ%26dl_target_url%3Dhttps%253A%252F%252Fwww.aliexpress.com%252Fitem%252F1005009843773880.html%253Fpdp_npi%253D4%252540dis%252521USD%252521151.91%25252189.63%252521%252521%2525211075.08%252521634.30%252521%25254021410ce717630748771768740e048d%25252112000050340083422%252521affd%252521%252521%252521&i=5&f_id=50002;Electrical Equipment & Supplies;USD;"discount|41%|;commissionRate|5.38%|;shopId|1104119969|;";https://ae-pic-a1.aliexpress-media.com/kf/S912ffc29827943518ce3e5ca88fa7feen.png;151.91;89.63
1,00501E+15;RlG175-AB63-54 Brand New 24V 34W scroll centrifugal fan RlG175 AB63 54;https://rzekl.com/g/1e8d114494a625e64bb116525dc3e8/?ulp=https%3A%2F%2Fs.click.aliexpress.com%2Fdeep_link.htm%3Faff_short_key%3D_c3s1yQkJ%26dl_target_url%3Dhttps%253A%252F%252Fwww.aliexpress.com%252Fitem%252F1005008065144845.html%253Fpdp_npi%253D4%252540dis%252521USD%25252189.94%25252187.24%252521%252521%252521636.55%252521617.45%252521%25254021413d5a17630748759666541e6f4a%25252112000043513181119%252521affd%252521%252521%252521&i=5&f_id=50002;Electrical Equipment & Supplies;USD;"discount|3%|;commissionRate|5.38%|;shopId|1104270464|;";https://ae-pic-a1.aliexpress-media.com/kf/Sfb1e6d4f0d1d4b6db4b6a8dc8bd7c972H.jpg;89.94;87.24
1,00501E+15;Solar Power Rechargeable Portable Solar Fan 16-Inch 16800mAh 100W floor Fan 3D air Circulation  Electric Stand Fan Outdoor Use;https://rzekl.com/g/1e8d114494a625e64bb116525dc3e8/?ulp=https%3A%2F%2Fs.click.aliexpress.com%2Fdeep_link.htm%3Faff_short_key%3D_c3s1yQkJ%26dl_target_url%3Dhttps%253A%252F%252Fwww.aliexpress.com%252Fitem%252F1005008963991304.html%253Fpdp_npi%253D4%252540dis%252521USD%252521102.43%25252195.43%252521%252521%252521724.93%252521675.41%252521%2525402151f59517630748756706385e14ba%25252112000047390474544%252521affd%252521%252521%252521&i=5&f_id=50002;Electrical Equipment & Supplies;USD;"discount|6%|;commissionRate|5.38%|;shopId|1102816707|;";https://ae-pic-a1.aliexpress-media.com/kf/Sa57c27afca69440cb4c2ffa6347ed8c6t.jpg;102.43;95.43
1,00501E+15;Adult Man Egypt Pharaoh Costume Performance Egyptian Pharaoh Clothing Costumes for Carnival Halloween Party;https://rzekl.com/g/1e8d114494a625e64bb116525dc3e8/?ulp=https%3A%2F%2Fs.click.aliexpress.com%2Fdeep_link.htm%3Faff_short_key%3D_c3s1yQkJ%26dl_target_url%3Dhttps%253A%252F%252Fwww.aliexpress.com%252Fitem%252F1005009195852968.html%253Fpdp_npi%253D4%252540dis%252521USD%252521181.39%25252185.26%252521%252521%2525211283.70%252521603.34%252521%2525402102e09d17630748757947166eb29d%25252112000048263360539%252521affd%252521%252521%252521&i=5&f_id=50002;Cosplay Accessories;USD;"discount|53%|;commissionRate|5.38%|;shopId|1104753742|;";https://ae-pic-a1.aliexpress-media.com/kf/S64751905e2f344baa2904de2250e5ae4r.jpg;181.39;85.26
1,00501E+15;High Quality Handmade Xiuhe Wedding Shoes Women's Ancient Chinese Style 10cm Height Increasing Strap Improved Warped Embroidered;https://rzekl.com/g/1e8d114494a625e64bb116525dc3e8/?ulp=https%3A%2F%2Fs.click.aliexpress.com%2Fdeep_link.htm%3Faff_short_key%3D_c3s1yQkJ%26dl_target_url%3Dhttps%253A%252F%252Fwww.aliexpress.com%252Fitem%252F1005009295393809.html%253Fpdp_npi%253D4%252540dis%252521USD%25252195.48%25252191.66%252521%252521%252521675.75%252521648.72%252521%2525402151f59517630748778938746e14ea%25252112000048649003753%252521affd%252521%252521%252521&i=5&f_id=50002;Cosplay Accessories;USD;"discount|4%|;commissionRate|5.38%|;shopId|1103332803|;";https://ae-pic-a1.aliexpress-media.com/kf/Sfe256820c7ff4fa1a33a652aa6600f59H.jpg;95.48;91.66
1,00501E+15;7 in 1 Aqua Peeling H2O2 Facial Machine;https://rzekl.com/g/1e8d114494a625e64bb116525dc3e8/?ulp=https%3A%2F%2Fs.click.aliexpress.com%2Fdeep_link.htm%3Faff_short_key%3D_c3s1yQkJ%26dl_target_url%3Dhttps%253A%252F%252Fwww.aliexpress.com%252Fitem%252F1005009968999099.html%253Fpdp_npi%253D4%252540dis%252521USD%252521367.06%25252195.44%252521%252521%2525212597.71%252521675.40%252521%25254021410ce717630748781573381e04e4%25252112000050719637970%252521affd%252521%252521%252521&i=5&f_id=50002;Beauty Equipment;USD;"discount|74%|;commissionRate|5.38%|;shopId|1104077544|;";https://ae-pic-a1.aliexpress-media.com/kf/S93f78e18d1c249ff804491fb5133e3c2T.jpg;367.06;95.44
1,00501E+15;Original Mebay GV24L MKII Generator Digital Multifunctional Meter AC Voltage Frequency Current Detector;https://rzekl.com/g/1e8d114494a625e64bb116525dc3e8/?ulp=https%3A%2F%2Fs.click.aliexpress.com%2Fdeep_link.htm%3Faff_short_key%3D_c3s1yQkJ%26dl_target_url%3Dhttps%253A%252F%252Fwww.aliexpress.com%252Fitem%252F1005008263294206.html%253Fpdp_npi%253D4%252540dis%252521USD%25252194.45%25252194.45%252521%252521%25252194.45%25252194.45%252521%25254021410ce717630748754593507e049e%25252112000044407259361%252521affd%252521%252521%252521&i=5&f_id=50002;Electrical Equipment & Supplies;USD;"discount|0%|;commissionRate|5.38%|;shopId|1100035166|;";https://ae-pic-a1.aliexpress-media.com/kf/S800c166693bc47e995bbf5b2c7abed68c.png;;94.45
1,00501E+15;Spring Han Shoes New Ancient Style Men's Hanfu Martial Arts Clothing Court Boot Ziming Song Height Increasing Insole Soap;https://rzekl.com/g/1e8d114494a625e64bb116525dc3e8/?ulp=https%3A%2F%2Fs.click.aliexpress.com%2Fdeep_link.htm%3Faff_short_key%3D_c3s1yQkJ%26dl_target_url%3Dhttps%253A%252F%252Fwww.aliexpress.com%252Fitem%252F1005008625637815.html%253Fpdp_npi%253D4%252540dis%252521USD%25252194.81%25252191.02%252521%252521%252521670.96%252521644.12%252521%2525402151f59517630748778938746e14ea%25252112000046005904438%252521affd%252521%252521%252521&i=5&f_id=50002;Cosplay Accessories;USD;"discount|4%|;commissionRate|5.38%|;shopId|1103480350|;";https://ae-pic-a1.aliexpress-media.com/kf/Sab727437dac04758aab86500cf8b7f27l.jpg;94.81;91.02
1,00501E+15;Ancient Style Exotic Pontifex Maximus Headdress Hanfu Tuinga Hair Accessories Ancient Style Horror Spiritual Love Coins Hairware;https://rzekl.com/g/1e8d114494a625e64bb116525dc3e8/?ulp=https%3A%2F%2Fs.click.aliexpress.com%2Fdeep_link.htm%3Faff_short_key%3D_c3s1yQkJ%26dl_target_url%3Dhttps%253A%252F%252Fwww.aliexpress.com%252Fitem%252F1005009294395759.html%253Fpdp_npi%253D4%252540dis%252521USD%25252194.69%25252190.90%252521%252521%252521670.14%252521643.33%252521%2525402151f59517630748778938746e14ea%25252112000048645062664%252521affd%252521%252521%252521&i=5&f_id=50002;Cosplay Accessories;USD;"discount|4%|;commissionRate|5.38%|;shopId|1103718350|;";https://ae-pic-a1.aliexpress-media.com/kf/S652f81ac85e04b0b9e15a1f7f458ca2b4.jpg;94.69;90.90
1,00501E+15;Ancient Style Han Chinese Clothing Shoes Women's Retro Height Increasing Insole Flower Beads Xiuhe Cloth Toasting Warped Wedding;https://rzekl.com/g/1e8d114494a625e64bb116525dc3e8/?ulp=https%3A%2F%2Fs.click.aliexpress.com%2Fdeep_link.htm%3Faff_short_key%3D_c3s1yQkJ%26dl_target_url%3Dhttps%253A%252F%252Fwww.aliexpress.com%252Fitem%252F1005008635090699.html%253Fpdp_npi%253D4%252540dis%252521USD%25252192.43%25252188.73%252521%252521%252521654.13%252521627.96%252521%2525402102e09d17630748785252573eb319%25252112000046040385681%252521affd%252521%252521%252521&i=5&f_id=50002;Cosplay Accessories;USD;"discount|4%|;commissionRate|5.38%|;shopId|1103480350|;";https://ae-pic-a1.aliexpress-media.com/kf/Sfe70cf90038d4e739b0ca861faf3b461G.jpg;92.43;88.73
1,00501E+15;Mebay GV24 MKII Original Generator Digital Multifunctional Meter AC Voltage Frequency Current Detector;https://rzekl.com/g/1e8d114494a625e64bb116525dc3e8/?ulp=https%3A%2F%2Fs.click.aliexpress.com%2Fdeep_link.htm%3Faff_short_key%3D_c3s1yQkJ%26dl_target_url%3Dhttps%253A%252F%252Fwww.aliexpress.com%252Fitem%252F1005008262852663.html%253Fpdp_npi%253D4%252540dis%252521USD%25252194.07%25252194.07%252521%252521%25252194.07%25252194.07%252521%25254021413d5a17630748792606423e6f5a%25252112000044406652974%252521affd%252521%252521%252521&i=5&f_id=50002;Electrical Equipment & Supplies;USD;"discount|0%|;commissionRate|5.38%|;shopId|1100035166|;";https://ae-pic-a1.aliexpress-media.com/kf/S800c166693bc47e995bbf5b2c7abed68c.png;;94.07
1,00501E+15;Anime Frieren: Beyond Journey's End Macht Trident Cosplay Prop Halloween Christmas Party Props for Comic Show;https://rzekl.com/g/1e8d114494a625e64bb116525dc3e8/?ulp=https%3A%2F%2Fs.click.aliexpress.com%2Fdeep_link.htm%3Faff_short_key%3D_c3s1yQkJ%26dl_target_url%3Dhttps%253A%252F%252Fwww.aliexpress.com%252Fitem%252F1005009711859750.html%253Fpdp_npi%253D4%252540dis%252521USD%252521113.04%25252185.91%252521%252521%252521800.00%252521608.00%252521%25254021411b6217630748799054683e2fc5%25252112000049926526091%252521affd%252521%252521%252521&i=5&f_id=50002;Cosplay Accessories;USD;"discount|24%|;commissionRate|5.38%|;shopId|1104626565|;";https://ae-pic-a1.aliexpress-media.com/kf/Sa3d179c070e444188c967848efd55a8cf.jpg;113.04;85.91
1,00501E+15;IDOLISH7 Dance of Death Scythe Boutique Anime Game Cosplay Props Weapon;https://rzekl.com/g/1e8d114494a625e64bb116525dc3e8/?ulp=https%3A%2F%2Fs.click.aliexpress.com%2Fdeep_link.htm%3Faff_short_key%3D_c3s1yQkJ%26dl_target_url%3Dhttps%253A%252F%252Fwww.aliexpress.com%252Fitem%252F1005007648806355.html%253Fpdp_npi%253D4%252540dis%252521USD%25252194.49%25252185.04%252521%252521%252521668.75%252521601.87%252521%25254021411b6217630748799054683e2fc5%25252112000041646003411%252521affd%252521%252521%252521&i=5&f_id=50002;Cosplay Accessories;USD;"discount|10%|;commissionRate|5.38%|;shopId|911837136|;";https://ae-pic-a1.aliexpress-media.com/kf/S8c608d51bff84c2f98b0ce33214530f0X.jpg;94.49;85.04
1,00501E+15;Genshin Impact Cosplay Costume Niflur Japanese Costume Collaboration Cosplay Cosutmes Outfit Game Anime Halloween Costumes;https://rzekl.com/g/1e8d114494a625e64bb116525dc3e8/?ulp=https%3A%2F%2Fs.click.aliexpress.com%2Fdeep_link.htm%3Faff_short_key%3D_c3s1yQkJ%26dl_target_url%3Dhttps%253A%252F%252Fwww.aliexpress.com%252Fitem%252F1005005908406987.html%253Fpdp_npi%253D4%252540dis%252521USD%252521165.17%25252194.15%252521%252521%252521165.17%25252194.15%252521%2525402102e09d17630748787537577eb29d%25252112000051216362078%252521affd%252521%252521%252521&i=5&f_id=50002;Cosplay Accessories;USD;"discount|43%|;commissionRate|5.38%|;shopId|1102271196|;";https://ae-pic-a1.aliexpress-media.com/kf/S51f0dba7c6c9488ab2b63c597ed21554u.jpg;165.17;94.15
1,00501E+15;Tarka Ji Cosplay Sickle Props Naraka: Bladepoint Feather Shadow Weapons Scythe for Halloween Christmas Fancy Party Accessories;https://rzekl.com/g/1e8d114494a625e64bb116525dc3e8/?ulp=https%3A%2F%2Fs.click.aliexpress.com%2Fdeep_link.htm%3Faff_short_key%3D_c3s1yQkJ%26dl_target_url%3Dhttps%253A%252F%252Fwww.aliexpress.com%252Fitem%252F1005009304140519.html%253Fpdp_npi%253D4%252540dis%252521USD%25252194.45%25252185.00%252521%252521%252521668.47%252521601.62%252521%2525402102e09d17630748787537577eb29d%25252112000048679832197%252521affd%252521%252521%252521&i=5&f_id=50002;Cosplay Accessories;USD;"discount|10%|;commissionRate|5.38%|;shopId|910351304|;";https://ae-pic-a1.aliexpress-media.com/kf/Sbf22968d38864792a72bb567686bd189N.jpg;94.45;85.00
1,00501E+15;New Ancient Chinese Clothing Embroidered Shoes 9cm Super High Heel Platform Low Top Style Old Beijing Cloth Women's;https://rzekl.com/g/1e8d114494a625e64bb116525dc3e8/?ulp=https%3A%2F%2Fs.click.aliexpress.com%2Fdeep_link.htm%3Faff_short_key%3D_c3s1yQkJ%26dl_target_url%3Dhttps%253A%252F%252Fwww.aliexpress.com%252Fitem%252F1005008632845985.html%253Fpdp_npi%253D4%252540dis%252521USD%25252195.04%25252191.24%252521%252521%252521672.58%252521645.68%252521%2525402102e09d17630748818268129eb29d%25252112000046032444375%252521affd%252521%252521%252521&i=5&f_id=50002;Cosplay Accessories;USD;"discount|4%|;commissionRate|5.38%|;shopId|1103480350|;";https://ae-pic-a1.aliexpress-media.com/kf/Sdef49edfd9344d1ab8184de1159e6b91e.jpg;95.04;91.24
1,00501E+15;Manual Wire Stripping Machine House Hold Mini Scrap Cable Machine with Hand Crank for Stripping Scrap Copper Wire;https://rzekl.com/g/1e8d114494a625e64bb116525dc3e8/?ulp=https%3A%2F%2Fs.click.aliexpress.com%2Fdeep_link.htm%3Faff_short_key%3D_c3s1yQkJ%26dl_target_url%3Dhttps%253A%252F%252Fwww.aliexpress.com%252Fitem%252F1005009174573706.html%253Fpdp_npi%253D4%252540dis%252521USD%252521196.05%25252192.14%252521%252521%2525211387.49%252521652.12%252521%2525402102f32217630748801512114e4072%25252112000048196789660%252521affd%252521%252521%252521&i=5&f_id=50002;Electrical Equipment & Supplies;USD;"discount|53%|;commissionRate|5.38%|;shopId|1103603678|;";https://ae-pic-a1.aliexpress-media.com/kf/S63b0528e57384a4db715e1395ca8a26c6.jpg;196.05;92.14
1,00501E+15;High-Temperature Enameled Cable 1mm Thickness Polyesterimide Flat Copper Wire QZYB-220 for Electric Motors and Transformers;https://rzekl.com/g/1e8d114494a625e64bb116525dc3e8/?ulp=https%3A%2F%2Fs.click.aliexpress.com%2Fdeep_link.htm%3Faff_short_key%3D_c3s1yQkJ%26dl_target_url%3Dhttps%253A%252F%252Fwww.aliexpress.com%252Fitem%252F1005009348384492.html%253Fpdp_npi%253D4%252540dis%252521USD%252521120.27%25252187.80%252521%252521%252521120.27%25252187.80%252521%2525402102f32217630748803335071e4067%25252112000048829102043%252521affd%252521%252521%252521&i=5&f_id=50002;Electrical Equipment & Supplies;USD;"discount|27%|;commissionRate|5.38%|;shopId|3729001|;";https://ae-pic-a1.aliexpress-media.com/kf/S833f265cf1cd47cfb16496e1b1800a20a.jpg;120.27;87.80
1,00501E+15;Autumn New Old Beijing Cloth Shoes Women's 9C Ultra High Heel Platform Low Top Ethnic Style Match with Hanfu Embroidered;https://rzekl.com/g/1e8d114494a625e64bb116525dc3e8/?ulp=https%3A%2F%2Fs.click.aliexpress.com%2Fdeep_link.htm%3Faff_short_key%3D_c3s1yQkJ%26dl_target_url%3Dhttps%253A%252F%252Fwww.aliexpress.com%252Fitem%252F1005008625918117.html%253Fpdp_npi%253D4%252540dis%252521USD%25252191.94%25252188.26%252521%252521%252521650.69%252521624.66%252521%25254021411b6217630748824582628e2fe8%25252112000046005923380%252521affd%252521%252521%252521&i=5&f_id=50002;Cosplay Accessories;USD;"discount|4%|;commissionRate|5.38%|;shopId|1103480350|;";https://ae-pic-a1.aliexpress-media.com/kf/S22ebcc6b75a044308d1718a3aeabcee5l.jpg;91.94;88.26
1,00501E+15;MIG200Q101H   FREE SHIPPING ORIGINAL MODULE;https://rzekl.com/g/1e8d114494a625e64bb116525dc3e8/?ulp=https%3A%2F%2Fs.click.aliexpress.com%2Fdeep_link.htm%3Faff_short_key%3D_c3s1yQkJ%26dl_target_url%3Dhttps%253A%252F%252Fwww.aliexpress.com%252Fitem%252F1005008365468453.html%253Fpdp_npi%253D4%252540dis%252521USD%25252195.00%25252195.00%252521%252521%25252195.00%25252195.00%252521%2525402102f32217630748817492211e4072%25252112000044731657824%252521affd%252521%252521%252521&i=5&f_id=50002;Electrical Equipment & Supplies;USD;"discount|0%|;commissionRate|5.38%|;shopId|4656111|;";https://ae-pic-a1.aliexpress-media.com/kf/S2d7233d62c594686a198d73b330af10aQ.jpg;;95.00
1,00501E+15;Horror Pennywise Joker Mask Cosplay Scary Creepy Evil Demon Clown Killers Latex Helmet Halloween Carnival Party Costume Props;https://rzekl.com/g/1e8d114494a625e64bb116525dc3e8/?ulp=https%3A%2F%2Fs.click.aliexpress.com%2Fdeep_link.htm%3Faff_short_key%3D_c3s1yQkJ%26dl_target_url%3Dhttps%253A%252F%252Fwww.aliexpress.com%252Fitem%252F1005010184115883.html%253Fpdp_npi%253D4%252540dis%252521USD%252521247.44%25252194.03%252521%252521%2525211751.17%252521665.44%252521%25254021411b6217630748824582628e2fe8%25252112000051437552377%252521affd%252521%252521%252521&i=5&f_id=50002;Cosplay Accessories;USD;"discount|62%|;commissionRate|5.38%|;shopId|1105061514|;";https://ae-pic-a1.aliexpress-media.com/kf/S443b078b462e4a18bcfa66636f48bf07s.jpg;247.44;94.03
1,00501E+15;750W 48V Electric Motor for Bicycle Brushless Motor E-Bike E-Tricycle & Controller;https://rzekl.com/g/1e8d114494a625e64bb116525dc3e8/?ulp=https%3A%2F%2Fs.click.aliexpress.com%2Fdeep_link.htm%3Faff_short_key%3D_c3s1yQkJ%26dl_target_url%3Dhttps%253A%252F%252Fwww.aliexpress.com%252Fitem%252F1005009985220176.html%253Fpdp_npi%253D4%252540dis%252521USD%252521183.49%25252189.91%252521%252521%2525211298.56%252521636.29%252521%2525402102f32217630748803335071e4067%25252112000050761352207%252521affd%252521%252521%252521&i=5&f_id=50002;Electrical Equipment & Supplies;USD;"discount|51%|;commissionRate|5.38%|;shopId|1103659154|;";https://ae-pic-a1.aliexpress-media.com/kf/S67680f9c372646639677e4874af87e42a.jpg;183.49;89.91
1,00501E+15;Square fitness belt with dragon steel frame, dragon head, edge and tail integrated dragon dance;https://rzekl.com/g/1e8d114494a625e64bb116525dc3e8/?ulp=https%3A%2F%2Fs.click.aliexpress.com%2Fdeep_link.htm%3Faff_short_key%3D_c3s1yQkJ%26dl_target_url%3Dhttps%253A%252F%252Fwww.aliexpress.com%252Fitem%252F1005008187351594.html%253Fpdp_npi%253D4%252540dis%252521USD%25252185.91%25252185.91%252521%252521%252521608.00%252521608.00%252521%25254021411b6217630748824582628e2fe8%25252112000044167294399%252521affd%252521%252521%252521&i=5&f_id=50002;Cosplay Accessories;USD;"discount|0%|;commissionRate|5.38%|;shopId|1103998353|;";https://ae-pic-a1.aliexpress-media.com/kf/S8f1b3e987b3b403597af4d24c874756bE.jpg;;85.91
1,00501E+15;Luxury African Heavy Beads Lace Nigerian Tulle Fabric 2025 High Quality French Beaded Sequins Embroidery Fabric For Wedding Sew;https://rzekl.com/g/1e8d114494a625e64bb116525dc3e8/?ulp=https%3A%2F%2Fs.click.aliexpress.com%2Fdeep_link.htm%3Faff_short_key%3D_c3s1yQkJ%26dl_target_url%3Dhttps%253A%252F%252Fwww.aliexpress.com%252Fitem%252F1005009905711569.html%253Fpdp_npi%253D4%252540dis%252521USD%252521212.00%25252195.40%252521%252521%252521212.00%25252195.40%252521%25254021410ce717630748828334459e048c%25252112000050537877799%252521affd%252521%252521%252521&i=5&f_id=50002;Apparel Fabrics & Textiles;USD;"discount|55%|;commissionRate|5.38%|;shopId|1102252321|;";https://ae-pic-a1.aliexpress-media.com/kf/S7facc54b49064ebca5bdae31deb4902bS.jpg;212.00;95.40
1,00501E+15;DL 380 G4 Server Power DPS-600PB B 321632-501 321632-001;https://rzekl.com/g/1e8d114494a625e64bb116525dc3e8/?ulp=https%3A%2F%2Fs.click.aliexpress.com%2Fdeep_link.htm%3Faff_short_key%3D_c3s1yQkJ%26dl_target_url%3Dhttps%253A%252F%252Fwww.aliexpress.com%252Fitem%252F1005008743299843.html%253Fpdp_npi%253D4%252540dis%252521USD%252521110.00%25252192.40%252521%252521%252521110.00%25252192.40%252521%25254021413d5a17630748828048692e6f62%25252112000046484393416%252521affd%252521%252521%252521&i=5&f_id=50002;Electrical Equipment & Supplies;USD;"discount|16%|;commissionRate|5.38%|;shopId|1102597361|;";https://ae-pic-a1.aliexpress-media.com/kf/S107933a42a1b464c98d04195500f071fI.jpg;110.00;92.40
